Time,data
1719349880.760132,0.07030589347764415
1719349880.8003361,0.0894184307964831
1719349880.840233,0.07545528504008836
1719349880.8799028,0.045487059603179114
1719349880.9200552,0.004132023838396781
1719349880.9599957,-0.007356112262476566
1719349881.0001333,-0.017198253361109972
1719349881.0409033,-0.017198253361109972
1719349881.0799267,-0.03464064636024927
1719349881.1201758,-0.0414510347447804
1719349881.1604068,-0.042962021570507825
1719349881.1999483,-0.04911113019955354
1719349881.240231,-0.04935370926734062
1719349881.27992,-0.047617170587569424
1719349881.3199453,-0.053789583595117485
1719349881.3645256,-0.052346913096888714
1719349881.4051654,-0.052346913096888714
1719349881.4433117,-0.048385749433957015
1719349881.4830399,-0.04559584323183585
1719349881.5229518,-0.04182426961267649
1719349881.5633032,-0.03966986634613556
1719349881.6037536,-0.03751662377245646
1719349881.644126,-0.03630407869300434
1719349881.6832347,-0.036289845400510834
1719349881.7232265,-0.031977025861690656
1719349881.7627258,-0.034854762891434965
1719349881.8025637,-0.04191022541365913
1719349881.8433712,-0.032319170695149946
1719349881.8829057,-0.03970135797500568
1719349881.924069,-0.04952914765335531
1719349881.9636142,-0.07653493362573677
1719349882.0043678,-0.07653493362573677
1719349882.0434227,-0.10757671824618903
1719349882.083305,-0.09494012867727575
1719349882.1244717,-0.08034325429409256
1719349882.1631994,-0.11450038260568646
1719349882.2047207,-0.14684827560452096
1719349882.243136,-0.23663872238148648
1719349882.2837546,-0.24954641991630802
1719349882.3254528,-0.2760961846654339
1719349882.3647628,-0.23831441364154957
1719349882.4029546,-0.28084611412782035
1719349882.4441102,-0.28084611412782035
1719349882.4843187,-0.3192515123730708
1719349882.5244951,-0.34664518058467636
1719349882.5632825,-0.34664518058467636
1719349882.6027453,-0.4119485778650751
1719349882.6438782,-0.4430091428855355
1719349882.6838036,-0.4821072036533125
1719349882.723452,-0.4996173785263655
1719349882.7625072,-0.5236788619068845
1719349882.802629,-0.5476933258478887
1719349882.8457227,-0.5476933258478887
1719349882.8847497,-0.6823257124641149
1719349882.9241521,-0.7029885716348512
1719349882.963582,-0.7313334580738506
1719349883.0043359,-0.6613995244158017
1719349883.0440881,-0.6755565096623126
1719349883.0830998,-0.6898002950694635
1719349883.1230009,-0.7279834856082146
1719349883.1635985,-0.7279834856082146
1719349883.2031682,-0.7465854897501537
1719349883.2430048,-0.7983065362839296
1719349883.2830348,-0.7983065362839296
1719349883.32291,-0.8044338475388599
1719349883.3629882,-0.7844195877082183
1719349883.4034631,-0.7790649553659711
1719349883.4431393,-0.776764990029595
1719349883.4838667,-0.7745442507972466
1719349883.523098,-0.7837465705318551
1719349883.5622458,-0.7760318921347085
1719349883.602803,-0.7760318921347085
1719349883.6431136,-0.7463376483931707
1719349883.6829278,-0.7400149798500122
1719349883.724395,-0.7400149798500122
1719349883.7631755,-0.7487140246766535
1719349883.802973,-0.7413599201696921
1719349883.842332,-0.7290918828373972
1719349883.8823867,-0.7245619860630723
1719349883.922305,-0.7163826274998474
1719349883.9632394,-0.7067417099761522
1719349884.0037172,-0.6912473327867954
1719349884.0447342,-0.6920142798198257
1719349884.0852623,-0.6726836945045211
1719349884.12526,-0.6599607435684135
1719349884.1633804,-0.6512418617368279
1719349884.2025938,-0.6428788963421557
1719349884.2432926,-0.6207101565444987
1719349884.2832932,-0.5515053655325954
1719349884.323612,-0.5426461663130029
1719349884.3626544,-0.5239360547695309
1719349884.4025426,-0.5216313633024725
1719349884.4459338,-0.5216313633024725
1719349884.483091,-0.47668271870283596
1719349884.5232472,-0.4532988535542122
1719349884.5642974,-0.4733086332986681
1719349884.6033404,-0.4544227637577052
1719349884.643257,-0.4000866586793148
1719349884.6831121,-0.3593616675756181
1719349884.7230937,-0.3466098701359448
1719349884.7624981,-0.32086112767667735
1719349884.8024783,-0.22001618607377524
1719349884.8445125,-0.22001618607377524
1719349884.8841257,-0.18286329017760475
1719349884.9240067,-0.22398176628738903
1719349884.963586,-0.18834816399538445
1719349885.0028844,-0.18909913749931334
1719349885.0430186,-0.14952294950192369
1719349885.0830803,-0.13009417212567725
1719349885.1242297,-0.13009417212567725
1719349885.163887,-0.09904403447282312
1719349885.2029686,-0.08505289615908279
1719349885.2433696,-0.08505289615908279
1719349885.287731,-0.0651718222590415
1719349885.3231401,-0.0028773567647845666
1719349885.3632903,0.006871156858154925
1719349885.403296,0.011322282099021475
1719349885.443214,-0.007661500511455532
1719349885.4831583,0.0089574990858316
1719349885.5239153,0.0089574990858316
1719349885.564589,0.03904848799265459
1719349885.6023436,0.039585435000052294
1719349885.6436477,0.039585435000052294
1719349885.6831818,0.033613262766335084
1719349885.723063,0.033222923254123904
1719349885.7623055,0.032723211642702976
1719349885.8034177,0.03555513207464722
1719349885.843757,0.0350028937647352
1719349885.8837998,0.034912589205040645
1719349885.923933,0.034912589205040645
1719349885.9627235,0.033052762553530624
1719349886.0029433,0.03396709684066335
1719349886.044026,0.03825673713864175
1719349886.0831592,0.0405389473515998
1719349886.1231847,0.043116089157732296
1719349886.1650336,0.04864598879190468
1719349886.2021785,0.07166231709730986
1719349886.2436159,0.07166231709730986
1719349886.2833796,0.09286623276148293
1719349886.323052,0.10579825297700862
1719349886.3636243,0.12261941766096052
1719349886.4028752,0.13509387175222687
1719349886.4429078,0.15672212755924142
1719349886.484848,0.17697584456343163
1719349886.5230725,0.186147032570469
1719349886.5624619,0.2057355149946341
1719349886.602169,0.1997786624107894
1719349886.644416,0.1997786624107894
1719349886.6833184,0.256322188123298
1719349886.7228947,0.24637754707264037
1719349886.7657962,0.24637754707264037
1719349886.8034222,0.2713399521698565
1719349886.8430302,0.3202348114625555
1719349886.8834794,0.3511134881820802
1719349886.9235048,0.36510075705721856
1719349886.9641056,0.3934923796974049
1719349887.0029616,0.49958542126940786
1719349887.0430028,0.5416475051713199
1719349887.0853956,0.5416475051713199
1719349887.123758,0.6220413959364884
1719349887.1639214,0.6220413959364884
1719349887.203244,0.6332312654096265
1719349887.2431893,0.5910965603947896
1719349887.2832084,0.6210329875079549
1719349887.323106,0.6203266616119235
1719349887.3654141,0.7108063406987736
1719349887.4027414,0.7108063406987736
1719349887.4427085,0.7351540830664178
1719349887.4830685,0.7648493031878971
1719349887.5233512,0.7648493031878971
1719349887.563472,0.7813644630267403
1719349887.60356,0.7880149417018947
1719349887.6430078,0.7582800450395107
1719349887.683965,0.7582800450395107
1719349887.723353,0.7575685532450629
1719349887.7626545,0.7830299957803868
1719349887.8022254,0.772604169431447
1719349887.8422363,0.7703947150841485
1719349887.8824277,0.7769848516461402
1719349887.9224255,0.7653446708041365
1719349887.9634523,0.7653446708041365
1719349888.0029757,0.7581232228171766
1719349888.0430663,0.7581232228171766
1719349888.0829132,0.7548699061847084
1719349888.1229959,0.7340418752328429
1719349888.1632295,0.7222127887691874
1719349888.2032359,0.7178417038787599
1719349888.2429097,0.7127757212988108
1719349888.28295,0.7123143288014262
1719349888.3229778,0.7123143288014262
1719349888.3644109,0.6854681682415732
1719349888.4045138,0.6907005641499375
1719349888.4441552,0.6802729667708761
1719349888.4822447,0.655787515248673
1719349888.5225177,0.6311266183473316
1719349888.5637484,0.6212856413979626
1719349888.603147,0.600585147046454
1719349888.6431499,0.5105249718644264
1719349888.682682,0.5437158289376252
1719349888.7222188,0.44990586557668905
1719349888.765023,0.44990586557668905
1719349888.803992,0.5068311174690003
1719349888.8442085,0.44544788598619844
1719349888.8848977,0.39177048380378693
1719349888.9230187,0.40019840347836644
1719349888.963161,0.3855100801142853
1719349889.0036726,0.3855100801142853
1719349889.043157,0.31037422152360233
1719349889.0825367,0.2660743942428044
1719349889.1226199,0.2660743942428044
1719349889.1635394,0.22601600778599207
1719349889.2033017,0.1996642353675192
1719349889.2432756,0.1600523171600327
1719349889.2833302,0.1271014340276022
1719349889.3223884,0.09852196190604728
1719349889.3631878,0.04812330105342372
1719349889.403838,0.06813124112333407
1719349889.4437983,0.06917586806422282
1719349889.4824448,0.03692958540878388
1719349889.5233333,0.018149066174873163
1719349889.5636725,-0.01916687258333416
1719349889.6038103,-0.023370815217394647
1719349889.643375,-0.026552556312016418
1719349889.6825895,-0.06562441560382071
1719349889.722783,-0.06562441560382071
1719349889.7635548,-0.07675081927138999
1719349889.8032372,-0.05528800069732148
1719349889.843779,-0.05528800069732148
1719349889.8825185,-0.05344646701908368
1719349889.922514,-0.05545092083526443
1719349889.9638298,-0.05157257377189223
1719349890.0036852,-0.046791955858538514
1719349890.0436754,-0.04534008300841902
1719349890.0824609,-0.034749359926060874
1719349890.1224875,-0.03283090298817737
1719349890.1636515,-0.03283090298817737
1719349890.2031457,-0.03400755062039085
1719349890.243362,-0.03511942851153543
1719349890.2828515,-0.03511942851153543
1719349890.3225029,-0.032634748799674596
1719349890.3631268,-0.038414299120569706
1719349890.403056,-0.05428048613035297
1719349890.4433053,-0.05963568062203389
1719349890.482576,-0.07888166840635674
1719349890.522497,-0.09168948046423342
1719349890.5633264,-0.08973346779964958
1719349890.6029556,-0.10558516993835793
1719349890.6434457,-0.13142688595342877
1719349890.6838682,-0.13142688595342877
1719349890.7229242,-0.1380259920165509
1719349890.763094,-0.16542367744932743
1719349890.8037424,-0.17662652443368546
1719349890.8432643,-0.17233441541782504
1719349890.8832877,-0.19500440182128773
1719349890.9229982,-0.2337874841091083
1719349890.9636464,-0.2750228013290542
1719349891.003202,-0.3181346856910351
1719349891.0436306,-0.3331962914162339
1719349891.0831642,-0.35925007551119104
1719349891.1232743,-0.35925007551119104
1719349891.1634965,-0.4257502955804223
1719349891.2041411,-0.4689120240358862
1719349891.2431972,-0.5022442842951103
1719349891.2831757,-0.5157637815255925
1719349891.3233373,-0.5420823652027957
1719349891.363785,-0.5856873584093557
1719349891.4047062,-0.5856873584093557
1719349891.443168,-0.620428503418974
1719349891.4825332,-0.6520938911392067
1719349891.5223672,-0.6600241059861698
1719349891.5635757,-0.6683777799120609
1719349891.6032026,-0.7087085530279381
1719349891.6433275,-0.7250012490535362
1719349891.6841438,-0.7366296183319074
1719349891.7231708,-0.7527991040630655
1719349891.7632983,-0.758145687398171
1719349891.8030367,-0.7650897560150609
1719349891.8435085,-0.7650897560150609
1719349891.8832476,-0.7951877894186923
1719349891.9232395,-0.8040607473880077
1719349891.9643118,-0.8040607473880077
1719349892.0033255,-0.7931130837697928
1719349892.043832,-0.7916272031552578
1719349892.0825436,-0.7848746103527442
1719349892.123675,-0.7870860710516254
1719349892.163118,-0.7794166554394997
1719349892.2033856,-0.7697669858190331
1719349892.2430718,-0.7702099967200102
1719349892.2832773,-0.7663618555308574
1719349892.3234806,-0.7561868020152782
1719349892.3641574,-0.7489421448805202
1719349892.4042766,-0.7462358437233494
1719349892.4442444,-0.7380566792509862
1719349892.4831119,-0.7294627810860278
1719349892.5238988,-0.7200644592897395
1719349892.56368,-0.7086644429997888
1719349892.6036792,-0.6921777617292493
1719349892.643229,-0.691658454312439
1719349892.683307,-0.6803293364747187
1719349892.72419,-0.6672373256757721
1719349892.7639961,-0.6453043310110995
1719349892.8042846,-0.647590318667494
1719349892.8432608,-0.6258607321647452
1719349892.8843467,-0.5988977694241049
1719349892.92466,-0.5868417040999089
1719349892.9643414,-0.566319637234266
1719349893.0037558,-0.518694738028205
1719349893.0433843,-0.5057921645585195
1719349893.083676,-0.48107630297717907
1719349893.1238472,-0.454997072216162
1719349893.1635826,-0.42166088223586395
1719349893.2036068,-0.42166088223586395
1719349893.2433655,-0.37982979644664105
1719349893.2838018,-0.34585074932173754
1719349893.3239272,-0.33192794372074896
1719349893.3634799,-0.3045424001889938
1719349893.4035294,-0.2139695715984827
1719349893.4435859,-0.14709666790589
1719349893.484248,-0.14709666790589
1719349893.5231233,-0.17521919810546482
1719349893.5641906,-0.14836607606052832
1719349893.6042297,-0.13802215955367175
1719349893.6440444,-0.11869098223205232
1719349893.6845925,-0.10778231650459785
1719349893.7234812,-0.07076498898724798
1719349893.764691,-0.05682559188603553
1719349893.803118,0.01683199225672327
1719349893.8433793,0.022046054465170717
1719349893.883021,0.03192685103389886
1719349893.924412,0.017990580635924847
1719349893.9639282,0.025895594968270874
1719349894.0040114,0.03181928816170826
1719349894.043196,0.019285293540354576
1719349894.0832558,0.017389144847917926
1719349894.1230502,0.016534115654968873
1719349894.1638196,0.015214830722354744
1719349894.2030342,0.02362468276320756
1719349894.243181,0.02294354020237399
1719349894.2832706,0.02116994144557377
1719349894.3231375,0.019155216378339668
1719349894.3632498,0.019408655074466652
1719349894.4030123,0.020419258975553745
1719349894.4431984,0.02110800739596591
1719349894.4832428,0.021421329048435855
1719349894.5232306,0.022383161452689815
1719349894.5635638,0.020258176461209643
1719349894.6033351,0.022545729078480015
1719349894.6434221,0.025840651370121537
1719349894.6846378,0.026222785361664558
1719349894.7233062,0.03228272386362413
1719349894.7642407,0.04473557352360297
1719349894.803326,0.04982899732212298
1719349894.843384,0.038651334203651855
1719349894.88343,0.05917390205665363
1719349894.923825,0.07511881480754717
1719349894.9638462,0.08653502681624375
1719349895.0036871,0.10504281577304525
1719349895.0443876,0.10504281577304525
1719349895.0834916,0.14629286005917203
1719349895.1238916,0.18101098244087477
1719349895.1636374,0.18127523564445813
1719349895.2035139,0.20511898142992485
1719349895.2440608,0.24184642304906023
1719349895.2841218,0.2684602392766655
1719349895.324266,0.3096623084007718
1719349895.3635526,0.29815199943664694
1719349895.403937,0.29815199943664694
1719349895.4443605,0.3401964887334633
1719349895.483963,0.4734741459326676
1719349895.5233717,0.5016426646580429
1719349895.5645685,0.5298849603192757
1719349895.6044176,0.4964944637863158
1719349895.6433613,0.5346592279683878
1719349895.683531,0.5452161084847763
1719349895.7246158,0.5687796733835135
1719349895.7631824,0.5917094839586106
1719349895.8033335,0.6203599914068352
1719349895.8427508,0.6414001970518439
1719349895.8838933,0.6580022846233781
1719349895.9239676,0.6809720349705285
1719349895.964098,0.6944848095148616
1719349896.0021877,0.720377217455231
1719349896.0435426,0.7306141229282377
1719349896.0850616,0.7306141229282377
1719349896.123405,0.7575058267132418
1719349896.1635926,0.78086374125879
1719349896.2038875,0.7833776771595523
1719349896.2437394,0.7901018930484127
1719349896.283778,0.7909510842161211
1719349896.3231447,0.7911747931063725
1719349896.3632493,0.8072798681517248
1719349896.4039135,0.8032972436471207
1719349896.4436698,0.7996691855198547
1719349896.4833462,0.8106335143877827
1719349896.5232534,0.8145159853248262
1719349896.563028,0.8045737246890445
1719349896.6032166,0.7943310210153571
1719349896.643796,0.7977252139743325
1719349896.6841056,0.7932470433726403
1719349896.7234297,0.7790098504450771
1719349896.7657502,0.7780141746123949
1719349896.8034487,0.7501436300391368
1719349896.8428125,0.7432047445399388
1719349896.8838484,0.738046383322417
1719349896.923079,0.7227065357849773
1719349896.9632986,0.6985481358225121
1719349897.0031943,0.6874692959232863
1719349897.0424223,0.6726320848365391
1719349897.0832703,0.6542387823377582
1719349897.1238184,0.6236936528015702
1719349897.1636863,0.6244686221029268
1719349897.2031147,0.5744188040273946
1719349897.2431462,0.5621974863185151
1719349897.284981,0.558347877780665
1719349897.324581,0.5343304801823533
1719349897.3652701,0.4947636624690007
1719349897.4029362,0.43378541906871
1719349897.4422812,0.4197435555919127
1719349897.4857385,0.39090085625857285
1719349897.523756,0.37222077366938044
1719349897.5629017,0.33921786546791693
1719349897.6034353,0.33921786546791693
1719349897.6430995,0.269262480524281
1719349897.6844225,0.23866656877505926
1719349897.7239347,0.23866656877505926
1719349897.7646012,0.20883527089054232
1719349897.8032365,0.08198063367065755
1719349897.843149,0.04422426264946583
1719349897.8844419,0.04422426264946583
1719349897.922993,0.08206237340529732
1719349897.9639564,0.08206237340529732
1719349898.0030017,0.06561345590706269
1719349898.0432816,0.020964359588341586
1719349898.0829477,0.008411922714207598
1719349898.1238523,0.008411922714207598
1719349898.1634972,-0.024582215690358955
1719349898.2034202,-0.030575290922306875
1719349898.2441695,-0.030575290922306875
1719349898.2838783,-0.04688796996474226
1719349898.3234794,-0.05160362989523859
1719349898.3635533,-0.052944548857792095
1719349898.4029312,-0.056423490253431186
1719349898.4428015,-0.05689316088130042
1719349898.4836848,-0.05513592865048206
1719349898.5229764,-0.051760747798696716
1719349898.5640235,-0.055050391157316636
1719349898.6022677,-0.05028707864008214
1719349898.6422105,-0.047915312667647425
1719349898.6836205,-0.04135231176814275
1719349898.723232,-0.04026802139108859
1719349898.7637131,-0.03930125737651846
1719349898.802242,-0.040332918832294506
1719349898.8422024,-0.039241503053172866
1719349898.8830283,-0.04224180462884891
1719349898.9241486,-0.046674240285495217
1719349898.9635131,-0.05028107061943854
1719349899.0022938,-0.05028107061943854
1719349899.042255,-0.06854599055288929
1719349899.0830595,-0.05460714331757455
1719349899.1243467,-0.05460714331757455
1719349899.162999,-0.0689441001245027
1719349899.2031584,-0.1275684315178568
1719349899.2429543,-0.151827253235248
1719349899.28337,-0.1622389887228701
1719349899.3232803,-0.13793785860416918
1719349899.363062,-0.1907338906822654
1719349899.4027119,-0.1907338906822654
1719349899.4423685,-0.2421050297822987
1719349899.4834485,-0.3368021673587609
1719349899.5238745,-0.3368021673587609
1719349899.5633922,-0.31433803818319134
1719349899.6034467,-0.3443914605422613
1719349899.643617,-0.4001485425355651
1719349899.6854017,-0.4135350696468616
1719349899.7229133,-0.5247626285589108
1719349899.762907,-0.5513949356609625
1719349899.8031354,-0.5513949356609625
1719349899.8424094,-0.5814186340261241
1719349899.8843262,-0.6145962430064914
1719349899.923847,-0.6440895670995451
1719349899.963999,-0.5813877110668413
1719349900.0031316,-0.6095358582975909
1719349900.04347,-0.6227064521536898
1719349900.0835447,-0.6657420183693559
1719349900.1231587,-0.6752982407907301
1719349900.1631029,-0.7028515450597157
1719349900.2033877,-0.7185673310715154
1719349900.242399,-0.6798595203633409
1719349900.2843094,-0.6836331699813072
1719349900.3239243,-0.6903467733012659
1719349900.3639946,-0.7111757980835884
1719349900.4023025,-0.7111757980835884
1719349900.4421997,-0.7181421166574342
1719349900.4834237,-0.724248310863953
1719349900.5231075,-0.7256017598286904
1719349900.5631955,-0.7277248908424614
1719349900.602351,-0.7367167032853486
1719349900.6423507,-0.7385526679502195
1719349900.6850526,-0.7385526679502195
1719349900.7239914,-0.7375057174389434
1719349900.7640269,-0.73837954028269
1719349900.8033533,-0.73837954028269
1719349900.8436058,-0.7358122761292126
1719349900.8835385,-0.7305357328604236
1719349900.9230657,-0.7240624095384836
1719349900.9632008,-0.7216597563432225
1719349901.0030196,-0.7208145778550872
1719349901.0429316,-0.7145316333325015
1719349901.0832958,-0.7025939874697494
1719349901.123526,-0.6781230092068751
1719349901.1630242,-0.6604446249498314
1719349901.2022984,-0.6492273744452881
1719349901.24235,-0.6651863684620309
1719349901.283337,-0.6573778529239704
1719349901.3229806,-0.6338796024460192
1719349901.3635204,-0.6083617971031925
1719349901.4032931,-0.5512384602695034
1719349901.4429104,-0.531678349349249
1719349901.483424,-0.5109531868641721
1719349901.5230072,-0.4826186480571625
1719349901.5630524,-0.4826186480571625
1719349901.6029203,-0.4389454904663925
1719349901.6429653,-0.46797726656528277
1719349901.68395,-0.46797726656528277
1719349901.7229228,-0.4464377550066304
1719349901.762965,-0.3323235626605018
1719349901.8031156,-0.3031474565340448
1719349901.8423133,-0.29135808470648517
1719349901.883045,-0.32320358053773357
1719349901.9232955,-0.31921821487923463
1719349901.9632862,-0.28694243582452944
1719349902.0030916,-0.2684963193627229
1719349902.0425842,-0.21691989122267097
1719349902.0830176,-0.2065774583728457
1719349902.1238077,-0.2065774583728457
1719349902.163081,-0.112244722832479
1719349902.202659,-0.10844222328694775
1719349902.242453,-0.07060672384308203
1719349902.2832773,-0.06687008253948107
1719349902.3230789,-0.06687008253948107
1719349902.3629045,-0.039736508036084084
1719349902.4031742,-0.07313855079466963
1719349902.4429102,-0.06718604587038696
1719349902.4832625,-0.05322783184536101
1719349902.52397,-0.04246500911734702
1719349902.5634394,-0.03392176714308093
1719349902.6024027,-0.02498172567111412
1719349902.6425722,-0.02498172567111412
1719349902.6832445,-0.008883536479595666
1719349902.7231605,-0.006862932101860841
1719349902.7636409,-0.006862932101860841
1719349902.8024364,0.003325445898513024
1719349902.842336,0.007955107919822735
1719349902.883345,0.012163712042116026
1719349902.923201,0.01859678770586226
1719349902.9629831,0.02041844124445924
1719349903.0033934,0.024190336747991148
1719349903.0428839,0.029202596744930753
1719349903.0833848,0.033787149149725804
1719349903.1237075,0.033787149149725804
1719349903.1641433,0.03754535304023704
1719349903.202362,0.04650929022966699
1719349903.242173,0.05895477977037217
1719349903.2833824,0.0592779682078301
1719349903.3230314,0.0763649809797961
1719349903.3637998,0.0763649809797961
1719349903.4021678,0.10432630909637919
1719349903.4428816,0.11341120765160295
1719349903.4830158,0.1252373539509969
1719349903.52294,0.1469284307206078
1719349903.5628972,0.1277161923892668
1719349903.6029844,0.13669049092973884
1719349903.642934,0.1646106381129231
1719349903.6840563,0.20987085312057352
1719349903.7230217,0.25298395407202295
1719349903.7640588,0.25298395407202295
1719349903.8034925,0.2967635331606342
1719349903.8434665,0.3321733870549722
1719349903.8835185,0.38027086810265415
1719349903.9237256,0.3803702691598755
1719349903.963789,0.33749244150093577
1719349904.0037415,0.37237461154854434
1719349904.0441275,0.37237461154854434
1719349904.0833504,0.4163757987782307
1719349904.123754,0.4163757987782307
1719349904.1633148,0.42788803837139877
1719349904.2023027,0.5291314875338231
1719349904.242269,0.5541090076069926
1719349904.2834277,0.5871356022869604
1719349904.323914,0.5976872864301216
1719349904.3641276,0.6391699372883719
1719349904.4023342,0.6671877580096488
1719349904.443062,0.6671877580096488
1719349904.4826252,0.6545947873006366
1719349904.5229998,0.6545947873006366
1719349904.5630276,0.6680313888987939
1719349904.6030068,0.6854419146537426
1719349904.6429257,0.7089411185867065
1719349904.683567,0.7215334526804429
1719349904.7236009,0.7245146140213075
1719349904.7630374,0.7297316190297762
1719349904.8029861,0.7349602449442357
1719349904.8429654,0.774390525235788
1719349904.8833048,0.7786211831028962
1719349904.9231534,0.7810526799464347
1719349904.9633515,0.7845121274037739
1719349905.003624,0.7841529354568745
1719349905.043,0.7814797140036901
1719349905.0831687,0.7737692459472337
1719349905.1230478,0.7650090839007784
1719349905.1631367,0.7605360875727979
1719349905.2031288,0.7553563509772169
1719349905.2436445,0.7654361278758278
1719349905.283312,0.7535381819279428
1719349905.323644,0.7317197788964478
1719349905.3637362,0.728690985826429
1719349905.402887,0.7199959503827155
1719349905.4423537,0.7069857359007419
1719349905.4830856,0.6923538691010414
1719349905.5243857,0.6926348531288202
1719349905.5631125,0.6698746256397932
1719349905.6037452,0.6358007480727448
1719349905.6433854,0.6358461733035417
1719349905.683109,0.6193196792886398
1719349905.7228775,0.5993251446177358
1719349905.7630234,0.5482452577370752
1719349905.8029885,0.5139574825412508
1719349905.8429654,0.5019354133214141
1719349905.883049,0.4820357070382807
1719349905.9228997,0.4568932783194339
1719349905.9639664,0.4568932783194339
1719349906.0032609,0.42013933695774985
1719349906.0430524,0.36694816374576467
1719349906.083821,0.36694816374576467
1719349906.12341,0.32293678654372887
1719349906.163544,0.3021291917125334
1719349906.2032592,0.25904577448892335
1719349906.2438016,0.2173781844561129
1719349906.2832937,0.22340581368997797
1719349906.3235464,0.19794855463140948
1719349906.3647451,0.1743063424364128
1719349906.4037535,0.1432137417649944
1719349906.443006,0.11564402716287703
1719349906.4834297,0.06823396973494644
1719349906.523693,0.08419431325577964
1719349906.5631185,0.06948942726340818
1719349906.6031232,0.05434139660531828
1719349906.643028,0.01979660706591463
1719349906.6838224,0.010983398278043788
1719349906.724194,0.0015949287824313374
1719349906.763647,-0.006755429712730909
1719349906.8039722,-0.04527102802718802
1719349906.8433104,-0.055153019508560885
1719349906.8843238,-0.06201712339272408
1719349906.9237452,-0.04345708166537268
1719349906.9633245,-0.044070865080974575
1719349907.00314,-0.043704831048507864
1719349907.0438273,-0.049232255174409933
1719349907.0840847,-0.04687092649942978
1719349907.123018,-0.04356086005877963
1719349907.1634068,-0.045721309118804565
1719349907.2035377,-0.04377431429847453
1719349907.2436368,-0.04377431429847453
1719349907.2839026,-0.039394348650138356
1719349907.3230207,-0.04083446132854249
1719349907.3633273,-0.04083446132854249
1719349907.4042919,-0.04389420776459532
1719349907.4438713,-0.037667605308387614
1719349907.4832854,-0.04733057802839247
1719349907.522752,-0.04733057802839247
1719349907.5637631,-0.05045018948228713
1719349907.6032524,-0.061949777665762984
1719349907.6430683,-0.07416503408103955
1719349907.6823177,-0.05661926721068952
1719349907.7230995,-0.07111139415543749
1719349907.764596,-0.08814326675263057
1719349907.8052223,-0.10106605815217057
1719349907.8430727,-0.12901736809081019
1719349907.8829691,-0.16183004958840908
1719349907.9232862,-0.18431938320953636
1719349907.9628484,-0.20912545697589044
1719349908.0034103,-0.23535340660256085
1719349908.0446904,-0.23535340660256085
1719349908.0830452,-0.2402631084199882
1719349908.1232505,-0.3382184064901481
1719349908.1633484,-0.3384019011037758
1719349908.2030149,-0.33615802969865877
1719349908.2432563,-0.36340663786238847
1719349908.284091,-0.40833612626060456
1719349908.3234289,-0.4737921173607773
1719349908.3632355,-0.5017614652700138
1719349908.4032357,-0.5289032023720701
1719349908.4433486,-0.5683658752988218
1719349908.4849596,-0.5498674310465446
1719349908.523919,-0.6053546441665214
1719349908.564642,-0.6378108281365952
1719349908.6037757,-0.6426247040143797
1719349908.6433902,-0.6615569378729322
1719349908.683922,-0.6873193335324791
1719349908.7243862,-0.7112730917804917
1719349908.7635558,-0.7245913610311642
1719349908.8040774,-0.73661929958703
1719349908.8441322,-0.7593017834638919
1719349908.8843858,-0.7593017834638919
1719349908.9231374,-0.7715443035972416
1719349908.9634233,-0.7802454256640216
1719349909.0044394,-0.7965228285215475
1719349909.0439706,-0.7985558574109687
1719349909.0832276,-0.7985014856440137
1719349909.1231282,-0.804343850907475
1719349909.1638935,-0.804343850907475
1719349909.2048602,-0.8001058049565589
1719349909.2444627,-0.7949362331875036
1719349909.2838268,-0.7924279426292391
1719349909.3235831,-0.7897782327315789
1719349909.3639998,-0.7793447031917784
1719349909.4039295,-0.7655456619948842
1719349909.4441,-0.7575617964492463
1719349909.4832637,-0.7697133758842147
1719349909.5232356,-0.7601611997197051
1719349909.5646307,-0.7601611997197051
1719349909.6034915,-0.7429675832343781
1719349909.6438003,-0.7267303462728834
1719349909.684048,-0.7146764435977275
1719349909.7236223,-0.7034896896388905
1719349909.7636542,-0.6918455315982379
1719349909.8033698,-0.6711222599557833
1719349909.844109,-0.6563038880970871
1719349909.8836107,-0.636768977562064
1719349909.9231703,-0.6283148098850542
1719349909.9626784,-0.6110103246338301
1719349910.00497,-0.6026558679873442
1719349910.0448515,-0.5887763985020489
1719349910.0848074,-0.5480866952803809
1719349910.124213,-0.5198893712278526
1719349910.1632326,-0.49668745123969577
1719349910.2040656,-0.4723442015868528
1719349910.245222,-0.46652457876845677
1719349910.2848551,-0.42909803678542585
1719349910.323599,-0.38894012979555276
1719349910.3632407,-0.37581033572632844
1719349910.4041033,-0.3523756333072861
1719349910.4437695,-0.31042516893277516
1719349910.485016,-0.28295551403856034
1719349910.5241005,-0.26301264678616504
1719349910.563565,-0.23726591903332156
1719349910.6045895,-0.23726591903332156
1719349910.6438339,-0.19660845883382191
1719349910.683874,-0.16649361568038856
1719349910.7239547,-0.155939098231325
1719349910.7636638,-0.11473950196715216
1719349910.803679,-0.09589559625838934
1719349910.8437243,-0.07858094484823985
1719349910.8835533,-0.0630576164274883
1719349910.9234054,-0.04479463551766655
1719349910.9646828,-0.04479463551766655
1719349911.0038612,-0.011833113405436635
1719349911.044228,0.007806768473881509
1719349911.0840216,0.011991141666985672
1719349911.124195,0.019469759246683316
1719349911.16412,0.04104537867860575
1719349911.2035995,0.04104537867860575
1719349911.2437778,0.0498614837783134
1719349911.2831054,0.053045638770914505
1719349911.3241873,0.053045638770914505
1719349911.3636637,0.05316711596008733
1719349911.4042375,0.061615517996915836
1719349911.4434454,0.06056294157671177
1719349911.483019,0.059479117225885725
1719349911.5225842,0.055894095651445874
1719349911.5632093,0.06294991374528902
1719349911.604713,0.06014648994910765
1719349911.6436276,0.059568825916539725
1719349911.6837065,0.0572409375407219
1719349911.7237482,0.057024449876007965
1719349911.7648432,0.05658241693685945
1719349911.80319,0.04124240091740122
1719349911.8430836,0.04436009216975917
1719349911.8840382,0.04711018661324351
1719349911.9237149,0.06434267463231985
1719349911.962906,0.08144060856826546
1719349912.0047257,0.08144060856826546
1719349912.0450604,0.08837754778556256
1719349912.0843656,0.08837754778556256
1719349912.1230328,0.1035449830335079
1719349912.1623442,0.12144295893332052
1719349912.2030067,0.14784322996267768
1719349912.244107,0.1585607456101592
1719349912.2847316,0.1815370344643168
1719349912.324345,0.19965347582605097
1719349912.3645098,0.19965347582605097
1719349912.4036,0.23805806114559902
1719349912.4441996,0.2608686496259207
1719349912.483117,0.2967644490537069
1719349912.5227675,0.3250916016432457
1719349912.5629916,0.3397344262808522
1719349912.6027417,0.4035989746170372
1719349912.6436315,0.4035989746170372
1719349912.682631,0.4720404533940669
1719349912.7233534,0.5711278231818296
1719349912.7634416,0.5711278231818296
1719349912.803999,0.586027157633687
1719349912.8433053,0.6140929294688153
1719349912.883378,0.6443323136638197
1719349912.9231849,0.6443323136638197
1719349912.9624648,0.6320470304162308
1719349913.00318,0.6468892341777774
1719349913.0428922,0.6468892341777774
1719349913.082894,0.6789375941129561
1719349913.123214,0.7148452502557577
1719349913.1631846,0.7199352204141528
1719349913.2031894,0.7349986764436232
1719349913.2429938,0.7403910112536618
1719349913.2829432,0.7499385031765803
1719349913.323296,0.7734510138817835
1719349913.362477,0.77889574363618
1719349913.403098,0.780876239709043
1719349913.4432971,0.7900438678649135
1719349913.4829888,0.7912382515610611
1719349913.523684,0.7898545302117859
1719349913.5630066,0.7831948158611951
1719349913.6031916,0.8036623260207107
1719349913.6430876,0.7997998721700819
1719349913.6832094,0.794209850604109
1719349913.7236025,0.7918571148458526
1719349913.7634432,0.7918571148458526
1719349913.8032358,0.7762754175331521
1719349913.8431742,0.7642541813235055
1719349913.8833055,0.7642541813235055
1719349913.92333,0.7534352132391866
1719349913.9630167,0.7385579921347163
1719349914.0031602,0.7212248642783203
1719349914.0437799,0.7133959797929214
1719349914.0831532,0.6940876873158024
1719349914.1229923,0.6801710585298261
1719349914.163053,0.6801710585298261
1719349914.2030709,0.6523881887070446
1719349914.2429562,0.6028898018602544
1719349914.2831714,0.559487198177862
1719349914.323091,0.5478364703493973
1719349914.3630278,0.5506804349571323
1719349914.403155,0.5280972943925002
1719349914.4429865,0.4888036774629138
1719349914.483988,0.48035539229999447
1719349914.5222633,0.41238871446791453
1719349914.5623639,0.3978420065324289
1719349914.603798,0.3899846948047113
1719349914.6430779,0.3895618625197211
1719349914.6833158,0.31860280475492925
1719349914.7233815,0.2741231580774543
1719349914.7633793,0.2772901616255304
1719349914.8038094,0.2483250881616038
1719349914.843608,0.20707325616224537
1719349914.8831787,0.10524111071760284
1719349914.9230287,0.06837500507569777
1719349914.9637973,0.046710930674721984
1719349915.00401,0.10392947657977558
1719349915.043127,0.09173913502616166
1719349915.0830264,0.06798220134493493
1719349915.123487,0.04479272617858532
1719349915.1630914,-0.01416006193203162
1719349915.2031593,-0.018804737410598793
1719349915.2430546,0.008069024827532356
1719349915.2829437,0.003988545705607471
1719349915.323379,0.003988545705607471
1719349915.363032,-0.0019185675658727197
1719349915.4034202,-0.01349444251358528
1719349915.4437144,-0.01349444251358528
1719349915.4833996,-0.014637055902393226
1719349915.5233996,-0.023453877721284544
1719349915.5633328,-0.024172862721304644
1719349915.603107,-0.024397217536107463
1719349915.642961,-0.02286282527305955
1719349915.6830704,-0.022355149665153617
1719349915.7244687,-0.022355149665153617
1719349915.7634258,-0.02162114536725493
1719349915.8034608,-0.022141765200958285
1719349915.8432524,-0.025060206685703412
1719349915.8843837,-0.02784391250038945
1719349915.923202,-0.02377495358374135
1719349915.9631124,-0.027472992793867834
1719349916.0031924,-0.035777362592715134
1719349916.0430171,-0.03603163099011403
1719349916.0825975,-0.0498070200977733
1719349916.123192,-0.0606849741221952
1719349916.1632006,-0.06801454722778061
1719349916.2030988,-0.08035680053323349
1719349916.2430646,-0.09501812113307026
1719349916.2831254,-0.08085923686753749
1719349916.3230147,-0.10064507141531966
1719349916.3629463,-0.10064507141531966
1719349916.4031174,-0.137883297582567
1719349916.4434016,-0.137883297582567
1719349916.4833724,-0.16065204067648806
1719349916.523426,-0.19761515173109293
1719349916.5634468,-0.2529618911961433
1719349916.6037736,-0.2533342232921816
1719349916.6425,-0.2822300580778787
1719349916.6822832,-0.36211032145278793
1719349916.7231557,-0.43440505040997673
1719349916.763717,-0.43440505040997673
1719349916.803195,-0.5332304007470665
1719349916.8422985,-0.5462339841675926
1719349916.8824093,-0.5462339841675926
1719349916.924413,-0.4938693618045627
1719349916.9641435,-0.5115485173196457
1719349917.00458,-0.550296505907651
1719349917.043156,-0.6204350304507866
1719349917.0824687,-0.6621362920824064
1719349917.1237981,-0.6621362920824064
1719349917.163315,-0.6782223590081418
1719349917.203329,-0.6467170723173663
1719349917.2423763,-0.6651486219308262
1719349917.2824256,-0.6704070937558588
1719349917.3236566,-0.6758194488849638
1719349917.366027,-0.6885163079024681
1719349917.4042065,-0.6885163079024681
1719349917.4429674,-0.7058111088087741
1719349917.483978,-0.7058111088087741
1719349917.5235817,-0.7141630342361263
1719349917.5630603,-0.7270113089503454
1719349917.6038294,-0.7286664520091217
1719349917.6425252,-0.7313982377265432
1719349917.6824458,-0.733997555057615
1719349917.7236004,-0.7375942852940344
1719349917.762947,-0.7386928005421152
1719349917.803814,-0.7386928005421152
1719349917.8434885,-0.7523080788993355
1719349917.8832748,-0.7489089629390149
1719349917.9232123,-0.744839071344311
1719349917.9640763,-0.7432154416616272
1719349918.0031006,-0.734701634848631
1719349918.0426064,-0.734701634848631
1719349918.0825021,-0.7285594376382913
1719349918.1231284,-0.7208049335292012
1719349918.1639454,-0.7208049335292012
1719349918.203043,-0.6875564702064192
1719349918.2430263,-0.6703950056816617
1719349918.2837038,-0.6701517706694774
1719349918.3243582,-0.6701517706694774
1719349918.362373,-0.6792809557201929
1719349918.402694,-0.6354972947669496
1719349918.4445508,-0.6354972947669496
1719349918.4831164,-0.6327766048833736
1719349918.5229206,-0.6026855844115748
1719349918.5630972,-0.5740566766646507
1719349918.6031723,-0.5475101902426251
1719349918.642544,-0.5475101902426251
1719349918.6824353,-0.5019994883316601
1719349918.7238388,-0.5017980762226584
1719349918.7633505,-0.4808556692176438
1719349918.8036327,-0.4437700845822023
1719349918.8433874,-0.3144849444494461
1719349918.8836498,-0.30172797124181433
1719349918.923999,-0.2888144754907129
1719349918.9642916,-0.2637015327501605
1719349919.0032866,-0.24161560249952668
1719349919.042625,-0.21239183736060388
1719349919.0833113,-0.18118808699818645
1719349919.1240225,-0.20316065832655816
1719349919.163314,-0.17916806040663827
1719349919.203228,-0.1386133599958419
1719349919.2429097,-0.1464826671951313
1719349919.2824779,-0.1330830938640687
1719349919.3232887,-0.11928019475841707
1719349919.3630176,-0.12652793668773993
1719349919.4029977,-0.09202436910400397
1719349919.4422781,-0.08660418064343484
1719349919.4826002,-0.1084659208662653
1719349919.524329,-0.10285112394807444
1719349919.564583,-0.10285112394807444
1719349919.6052525,-0.08829721633900786
1719349919.6424637,-0.0641611433557259
1719349919.6827474,-0.0641611433557259
1719349919.7232227,-0.05531223778746053
1719349919.7631593,-0.05040530491048811
1719349919.8030841,-0.03254332607540211
1719349919.8427265,-0.019392197672180977
1719349919.8828454,-0.02417518338740532
1719349919.9232118,-0.018478581087995383
1719349919.9630632,-0.013222510361878659
1719349920.0049424,-0.0017134018023776676
1719349920.043469,0.003931616778383551
1719349920.0823545,0.012124676119509015
1719349920.123354,0.012124676119509015
1719349920.1628935,0.027603213869173804
1719349920.2041814,0.03605303258148934
1719349920.2432325,0.04383719490756688
1719349920.2840958,0.03292214442080088
1719349920.3236175,0.04060957443776281
1719349920.3641167,0.05490346778169497
1719349920.4047618,0.032074995619053526
1719349920.4428945,0.038842242553814854
1719349920.4824257,0.04832475059299807
1719349920.5229788,0.10786310507312552
1719349920.5633888,0.12076439176381654
1719349920.6029916,0.1352207312590602
1719349920.6422346,0.17099973419463455
1719349920.6829255,0.1814500682351553
1719349920.7231257,0.1814500682351553
1719349920.7642236,0.20890042837215195
1719349920.802936,0.1995280919008356
1719349920.8424516,0.1995280919008356
1719349920.8825035,0.2196590850341345
1719349920.9253123,0.22333623644324735
1719349920.9640768,0.27600010628881194
1719349921.0044968,0.3234368069888749
1719349921.04247,0.40383214217893293
1719349921.082458,0.4168952640624168
1719349921.124114,0.44282096158892326
1719349921.1640697,0.37734213461960403
1719349921.203469,0.4119006569862006
1719349921.243724,0.4475651482555412
1719349921.2842424,0.464866506043516
1719349921.3245718,0.48371283883297583
1719349921.3637908,0.5062653674204466
1719349921.4044785,0.539631589394744
1719349921.4434457,0.5369863842513299
1719349921.483009,0.5674659770449924
1719349921.5236266,0.6064246433017852
1719349921.5634074,0.6163959761307891
1719349921.6033518,0.6283939943336972
1719349921.642793,0.6451446353580247
1719349921.682878,0.700118259185946
1719349921.723607,0.7196270334355136
1719349921.7632608,0.7313998958603627
1719349921.8033762,0.7916236625846005
1719349921.8433845,0.8006526155171887
1719349921.8838587,0.8006526155171887
1719349921.9231393,0.7817564969577767
1719349921.9632254,0.7861370392120096
1719349922.0037086,0.7860377467898787
1719349922.0445008,0.7837084284307122
1719349922.08345,0.8004653324617597
1719349922.1234126,0.7958076798205893
1719349922.1636574,0.7958076798205893
1719349922.2039855,0.8002052065896559
1719349922.2430117,0.7888456828805136
1719349922.283778,0.7888456828805136
1719349922.3237252,0.7875186473329084
1719349922.363501,0.7824914405375862
1719349922.4042945,0.7696678481958636
1719349922.4447234,0.7659311073709374
1719349922.485448,0.7436332768704806
1719349922.5232885,0.737591919483306
1719349922.563012,0.7190984609656491
1719349922.6037261,0.7289258523438841
1719349922.6426375,0.6973981033816922
1719349922.6840863,0.6657764585226318
1719349922.7239892,0.6183521128415639
1719349922.7644758,0.602006464211865
1719349922.8033535,0.5721315411565062
1719349922.8439434,0.6121931934327923
1719349922.8838534,0.5874041628095334
1719349922.9240582,0.5519843815372105
1719349922.9641788,0.5370273177283732
1719349923.0038657,0.5364917928025226
1719349923.0429683,0.4969393875141474
1719349923.0834246,0.4558914647543748
1719349923.125122,0.37810060448904065
1719349923.1643744,0.3406364174766977
1719349923.20424,0.29583740739944403
1719349923.242477,0.27528681525636595
1719349923.2829149,0.2450405633566739
1719349923.3244324,0.21517908938275426
1719349923.3641703,0.23136300616190197
1719349923.404756,0.205620327707913
1719349923.4438407,0.17041903085462895
1719349923.4836595,0.08084754784333764
1719349923.5244243,0.06106455386899967
1719349923.5648024,0.06106455386899967
1719349923.603855,0.04428450290889341
1719349923.6431785,0.02411764028674873
1719349923.683715,0.01801846975123972
1719349923.7231054,0.050914085201964915
1719349923.7635682,0.04341137130212708
1719349923.803606,0.03266951924658573
1719349923.844704,0.027305728253897765
1719349923.8842041,0.023988460794477612
1719349923.9239738,0.01987745237545241
1719349923.9650304,0.01987745237545241
1719349924.004085,0.005699405600523733
1719349924.0448244,0.0015903258072821336
1719349924.0839,0.00039598651895003667
1719349924.1237237,-0.0036377287392976576
1719349924.1634784,-0.005592874807045067
1719349924.2041728,-0.007036591744445209
1719349924.2445562,-0.012273714765388744
1719349924.2845168,-0.013654405418886073
1719349924.3239455,-0.015407776447481147
1719349924.3630471,-0.012328972067757737
1719349924.4037938,-0.01160327853087667
1719349924.4430761,-0.0177689190455593
1719349924.4842045,-0.024235376966760702
1719349924.523425,-0.036712576259927604
1719349924.5632648,-0.05152548372569232
1719349924.6038342,-0.056346681469810395
1719349924.6432893,-0.05954503357308352
1719349924.683108,-0.07202427747004223
1719349924.7240539,-0.0897892312185136
1719349924.7636619,-0.05173035890869024
1719349924.803585,-0.06055804755645383
1719349924.843384,-0.08240909158761493
1719349924.8841918,-0.10220208049697768
1719349924.9244416,-0.12072189128915942
1719349924.963417,-0.14142363187406026
1719349925.0045283,-0.18225072486781307
1719349925.0433915,-0.1971136889957104
1719349925.0833783,-0.24756552217521183
1719349925.124428,-0.28642346591587553
1719349925.1624024,-0.24100481869867557
1719349925.202271,-0.2550753072813734
1719349925.244129,-0.28278577042334335
1719349925.2848797,-0.35580885320077993
1719349925.3260217,-0.35580885320077993
1719349925.3634617,-0.42631108250786964
1719349925.4030273,-0.42527061051266507
1719349925.4431844,-0.45346101662152233
1719349925.4836857,-0.45346101662152233
1719349925.5232155,-0.5092573396339914
1719349925.5632231,-0.5489371988761998
1719349925.6032374,-0.5864890753854229
1719349925.6443524,-0.6018796730194351
1719349925.6830504,-0.6228487925372087
1719349925.7240345,-0.6537073401243986
1719349925.7646763,-0.6720900032947721
1719349925.8031104,-0.679024144506748
1719349925.8444097,-0.693422812702289
1719349925.8855817,-0.693422812702289
1719349925.925381,-0.7343957335266829
1719349925.9625707,-0.7476105831054524
1719349926.0025542,-0.7602910224236438
1719349926.0435724,-0.7648780763041864
1719349926.0836267,-0.7679286326263213
1719349926.1235054,-0.771164520050071
1719349926.1624415,-0.7904012524953941
1719349926.2036564,-0.7885353005325286
1719349926.2441714,-0.787336272291993
1719349926.283873,-0.7857096673689732
1719349926.3232267,-0.7978074740153701
1719349926.3634005,-0.7937635078691595
1719349926.403112,-0.7867800524039711
1719349926.4439228,-0.7735622852003368
1719349926.4839985,-0.7594650961927052
1719349926.523072,-0.7562676211839962
1719349926.5628984,-0.7492617553848908
1719349926.6024122,-0.7441180429453302
1719349926.6439476,-0.7325926376888919
1719349926.6829116,-0.715475624958708
1719349926.7238507,-0.715475624958708
1719349926.7629557,-0.6942691391589284
1719349926.8034787,-0.6986954811072914
1719349926.844685,-0.7089933015419572
1719349926.884005,-0.685922729704717
1719349926.9248276,-0.6644611841875507
1719349926.9630356,-0.5920314757401619
1719349927.0030394,-0.5843121082016942
1719349927.0457263,-0.5761659535587613
1719349927.084075,-0.5552807180648426
1719349927.1253505,-0.5552807180648426
1719349927.1621935,-0.5269834291136888
1719349927.2022455,-0.5507066176021826
1719349927.2428923,-0.5253179419234846
1719349927.2831192,-0.5144202102284907
1719349927.324359,-0.47580431534302065
1719349927.362383,-0.46244770182655176
1719349927.4022124,-0.4255028320014622
1719349927.4448001,-0.4037110453905921
1719349927.4844682,-0.34047578618842306
1719349927.524919,-0.3274672934648458
1719349927.5628214,-0.3274672934648458
1719349927.602639,-0.3116966017404456
1719349927.6445467,-0.2577307133086324
1719349927.6843243,-0.22191040029564607
1719349927.7239804,-0.23854416738108514
1719349927.762277,-0.21869317225506985
1719349927.802332,-0.19686784223101572
1719349927.8440394,-0.13408821635170465
1719349927.885093,-0.13408821635170465
1719349927.9240243,-0.09713357519355559
1719349927.962987,-0.0803480176955021
1719349928.0037265,-0.0803480176955021
1719349928.0445302,-0.057037446675301
1719349928.0830777,-0.03772319421480952
1719349928.1229203,-0.03659479455614423
1719349928.1625378,-0.026013355851120468
1719349928.2023954,-0.002809286345097417
1719349928.243013,0.010428604591140422
1719349928.283273,0.010428604591140422
1719349928.323738,0.020867598178701263
1719349928.3628597,0.03167143770006997
1719349928.4025068,0.03167143770006997
1719349928.44359,0.03402423056580961
1719349928.4829311,0.04287364382041853
1719349928.523146,0.04296394585277369
1719349928.5632532,0.04297406691658545
1719349928.6030116,0.0464478482142201
1719349928.6434703,0.04567504403254291
1719349928.6836336,0.04567504403254291
1719349928.7232373,0.043990850349619914
1719349928.7623625,0.04937877112096328
1719349928.8033082,0.04937877112096328
1719349928.8429163,0.050205365296806304
1719349928.8830998,0.05160007903123781
1719349928.9230728,0.05663756830455896
1719349928.9622242,0.059055037506739017
1719349929.0028074,0.06350423646360709
1719349929.0424135,0.0741826709089129
1719349929.0833454,0.0741826709089129
1719349929.1229763,0.08484525380407049
1719349929.1629376,0.0985403058117088
1719349929.2032633,0.0985403058117088
1719349929.2430112,0.12229102375134576
1719349929.2831411,0.14129976049861143
1719349929.3230484,0.17148677757586156
1719349929.3633673,0.17058405677159938
1719349929.4032097,0.18880305320219493
1719349929.442974,0.21248441506420296
1719349929.483113,0.2499676825772444
1719349929.5231407,0.24833303784781702
1719349929.5629072,0.2938381100439283
1719349929.6036024,0.32083731110690383
1719349929.6436567,0.33446010797739606
1719349929.6829765,0.34938601713175294
1719349929.7233865,0.3907444199509293
1719349929.7632246,0.45462656661318884
1719349929.8061247,0.467891004864221
1719349929.8432024,0.49386529557438297
1719349929.8831732,0.6166606250866891
1719349929.9242473,0.5822286674931001
1719349929.9636364,0.6615602614432871
1719349930.0038924,0.6811584958649594
1719349930.0445852,0.6102666900055962
1719349930.0823033,0.6267929635623397
1719349930.1230853,0.6499587847131615
1719349930.1629605,0.67959700529249
1719349930.203192,0.685243399807283
1719349930.2430606,0.6959381495848518
1719349930.2847424,0.7474653290498213
1719349930.3237,0.7698198435377716
1719349930.3630404,0.7698198435377716
1719349930.402707,0.7885082530610911
1719349930.4424112,0.7910168323421154
1719349930.4835985,0.7910168323421154
1719349930.523237,0.7822242496706133
1719349930.5633485,0.7792975213129547
1719349930.6032767,0.7720139195933151
1719349930.64381,0.7662129241269592
1719349930.6824813,0.7753221505765517
1719349930.722531,0.7649757147913075
1719349930.7643273,0.7649757147913075
1719349930.803232,0.7598111793905556
1719349930.8429484,0.7519772065373552
1719349930.8835492,0.7519772065373552
1719349930.9224832,0.7390554804700656
1719349930.9631538,0.7326287034935689
1719349931.0033307,0.720527074305337
1719349931.043382,0.7059632790715159
1719349931.0837548,0.7059632790715159
1719349931.1270754,0.68407701883145
1719349931.1630447,0.6766168759020045
1719349931.2031255,0.6696101256800913
1719349931.243667,0.6488198091962615
1719349931.2845192,0.6246479691608415
1719349931.3231707,0.5737425180153843
1719349931.3630393,0.5554471868428627
1719349931.4031637,0.5262951832623823
1719349931.4442482,0.5157756149162733
1719349931.4822798,0.4704609269130759
1719349931.5232506,0.4704609269130759
1719349931.5624833,0.5049570701331584
1719349931.6024234,0.4693994179986212
1719349931.6423364,0.43109395380185933
1719349931.683089,0.415530501424822
1719349931.723195,0.40052360036332546
1719349931.765327,0.3599134216270657
1719349931.8032506,0.34114926861085626
1719349931.8429072,0.2876194652832628
1719349931.8837152,0.2876194652832628
1719349931.9232488,0.24855047524442947
1719349931.9631357,0.2115681538918684
1719349932.003054,0.1747234753220699
1719349932.043583,0.16312457128333535
1719349932.0822527,0.14408052839374524
1719349932.1222222,0.11314218095979678
1719349932.1631267,0.11314218095979678
1719349932.2029705,0.08657677516585122
1719349932.2431152,0.08657677516585122
1719349932.283431,0.07956406609351035
1719349932.3234403,0.02858468787343471
1719349932.3633566,0.015450516904840172
1719349932.4031322,0.0001923672021543199
1719349932.4435532,-0.006125966389581794
1719349932.482889,-0.018170561149535885
1719349932.522809,-0.018170561149535885
1719349932.563661,-0.02305404098976052
1719349932.6029963,-0.036093487022144516
1719349932.6431248,-0.038709244101758244
1719349932.6826606,-0.039113532678650725
1719349932.7229257,-0.043183394870051295
1719349932.7635574,-0.04157264334950178
1719349932.8034065,-0.04157264334950178
1719349932.8430574,-0.043774779514722445
1719349932.8833039,-0.043774779514722445
1719349932.9235213,-0.042954224404916364
1719349932.96653,-0.041079370492231926
1719349933.0030277,-0.0422020412671201
1719349933.0429738,-0.04317613283005317
1719349933.0828886,-0.045920543292669064
1719349933.1223238,-0.04811977915220811
1719349933.1624196,-0.04811977915220811
1719349933.2032158,-0.06575986051050231
1719349933.2432625,-0.05278446275435289
1719349933.283677,-0.05910333799873729
1719349933.3230786,-0.07645270626825264
1719349933.3631682,-0.08199751406707159
1719349933.4030378,-0.09763058399088306
1719349933.4430125,-0.10690299488870014
1719349933.4829888,-0.1311418757293933
1719349933.5232131,-0.1311418757293933
1719349933.5632267,-0.18543201546986118
1719349933.6032743,-0.16464005020850314
1719349933.642907,-0.17770800529316447
1719349933.682933,-0.21620039356817225
1719349933.7230022,-0.3356448646159278
1719349933.7632596,-0.3496075022062125
1719349933.8029242,-0.37831205243032606
1719349933.843248,-0.4216075672350542
1719349933.88519,-0.3460259659515633
1719349933.9229505,-0.4018328863714606
1719349933.964315,-0.4018328863714606
1719349934.0037518,-0.4365161597409501
1719349934.0430245,-0.4476726127602949
1719349934.0829563,-0.495540009969185
1719349934.123531,-0.5326597064605882
1719349934.1635132,-0.5608627151030203
1719349934.2025492,-0.6050484213371259
1719349934.2425258,-0.6044134390870012
1719349934.2829578,-0.6043665126172717
1719349934.3229933,-0.6445968937628526
1719349934.364374,-0.6711746762934075
1719349934.4036403,-0.6745467937079355
1719349934.4421935,-0.6945394848553145
1719349934.4854984,-0.7265845275391176
1719349934.523159,-0.7261608420811823
1719349934.5630124,-0.7323270259567008
1719349934.6030197,-0.7413434036104789
1719349934.6431952,-0.7920084386116701
1719349934.6829255,-0.8001334467701025
1719349934.7228694,-0.8020713460354678
1719349934.7630882,-0.7912610118019862
1719349934.802485,-0.7912610118019862
1719349934.8424253,-0.7934251767504306
1719349934.8839526,-0.7885671736225798
1719349934.92419,-0.8009092242737393
1719349934.9648285,-0.7957030042554436
1719349935.0024605,-0.7742179658768789
1719349935.043022,-0.7638044765762858
1719349935.084694,-0.7568310820970507
1719349935.1230347,-0.7495124195851839
1719349935.1628711,-0.754863363169614
1719349935.2025645,-0.7460922955849324
1719349935.2429562,-0.7460922955849324
1719349935.2838163,-0.7364417181272286
1719349935.3229542,-0.715697276125965
1719349935.3637338,-0.715697276125965
1719349935.4033003,-0.6955512350041935
1719349935.4434822,-0.6811323359787975
1719349935.4845655,-0.6811323359787975
1719349935.5245483,-0.6608288236036968
1719349935.5641556,-0.632587205252145
1719349935.6027193,-0.6164220302177169
1719349935.6431644,-0.5904944094860782
1719349935.6845808,-0.5933985914916675
1719349935.7232594,-0.5741323969883286
1719349935.7638664,-0.5741323969883286
1719349935.802812,-0.5323452147642198
1719349935.842689,-0.4835142760543857
1719349935.882434,-0.4835142760543857
1719349935.9241438,-0.46235050821668383
1719349935.9632099,-0.4403899441406493
1719349936.0038326,-0.4001891285793765
1719349936.0444589,-0.37070457854870137
1719349936.083133,-0.3400507942652188
1719349936.123293,-0.29824186775410827
1719349936.1650221,-0.2844048222418254
1719349936.2034194,-0.20215979318404276
1719349936.2434576,-0.1500762775708338
1719349936.2865179,-0.11384275850275738
1719349936.3239412,-0.1807462084860817
1719349936.3630676,-0.1505294678782726
1719349936.4031982,-0.14211814097103723
1719349936.4431303,-0.1115099654499993
1719349936.4831202,-0.1115099654499993
1719349936.523222,-0.08986882044163066
1719349936.5629745,-0.07116056131918724
1719349936.6031435,-0.03459986131904108
1719349936.6437523,-0.029274347158291913
1719349936.684709,-0.01937352494430361
1719349936.7239156,-0.023391965620479682
1719349936.7635343,-0.014301031246899742
1719349936.80425,-0.0049107296185816884
1719349936.843899,0.005670948549431953
1719349936.8877573,0.009485552640886685
1719349936.923592,0.014055853526370954
1719349936.9625258,0.028912851426811714
1719349937.0035427,0.029506043627621437
1719349937.0438054,0.030260166909261588
1719349937.0830944,0.03664142126976805
1719349937.127365,0.03664142126976805
1719349937.1632967,0.03692000095599218
1719349937.2043347,0.03632007593194775
1719349937.2445784,0.040757758564859414
1719349937.2829602,0.040596633573712626
1719349937.3230999,0.04024562186373232
1719349937.363479,0.041795209371145614
1719349937.403891,0.04392176430386541
1719349937.4444194,0.04859579020294097
1719349937.4878511,0.04747011027064785
1719349937.52387,0.04747011027064785
1719349937.5627224,0.055167194909968686
1719349937.6040199,0.07279470164938767
1719349937.6439028,0.07774819975162867
1719349937.6833494,0.08905822069976299
1719349937.7235916,0.08627099200300442
1719349937.763616,0.11680816519962112
1719349937.8031728,0.1429431547880492
1719349937.8436215,0.15232712786639035
1719349937.8841848,0.14456155502166568
1719349937.9244523,0.1655357733786259
1719349937.964854,0.1861326487816949
1719349938.0035803,0.21922023210181818
1719349938.0437615,0.2550253637870107
1719349938.0846474,0.27991493383922833
1719349938.1227648,0.27548259120194124
1719349938.162225,0.3157114848741629
1719349938.2045798,0.3426851612488001
1719349938.2443485,0.3574385447972511
1719349938.2843728,0.3706999069510515
1719349938.3247821,0.39685445985126655
1719349938.3629236,0.446118414163104
1719349938.403319,0.4742866181387252
1719349938.4436817,0.5113408754234632
1719349938.4836555,0.5222953125620544
1719349938.5234134,0.544346180402452
1719349938.5634618,0.5664006150065161
1719349938.6045854,0.597152318260374
1719349938.644621,0.6228057430622363
1719349938.6846826,0.6482900883718187
1719349938.7224927,0.6559632183124586
1719349938.7626855,0.682225490585072
1719349938.8043497,0.6966032919673575
1719349938.844864,0.714941304372041
1719349938.88467,0.7395629141414195
1719349938.923379,0.7412680161397269
1719349938.963391,0.7539035749423173
1719349939.0037339,0.7887216838460729
1719349939.0441184,0.7928291215442046
1719349939.0834906,0.7955104456437191
1719349939.1236615,0.7971490684486616
1719349939.1635952,0.8054828010001754
1719349939.20402,0.8054828010001754
1719349939.2436788,0.8143758675478567
1719349939.2839236,0.8142392465722793
1719349939.3240066,0.8120261856898812
1719349939.3647344,0.8095364257481964
1719349939.4035203,0.8184110647817524
1719349939.4436185,0.8116068763171413
1719349939.4842973,0.8116068763171413
1719349939.5235994,0.8038464627601625
1719349939.563509,0.7921366052662049
1719349939.6031482,0.786149462867325
1719349939.6433992,0.769904447593368
1719349939.6832795,0.7498704292688163
1719349939.7239146,0.7498704292688163
1719349939.763309,0.7174002492427798
1719349939.803303,0.7086388625427075
1719349939.8434598,0.7086388625427075
1719349939.8840625,0.6793557234798928
1719349939.923322,0.6256793636655212
1719349939.9640226,0.6140866491543833
1719349940.005129,0.6018450300553151
1719349940.0441718,0.5582537474370011
1719349940.0838456,0.5321662925477345
1719349940.1237993,0.4910288091300443
1719349940.1639469,0.3948054074684136
1719349940.204419,0.3948054074684136
1719349940.2443378,0.3515337790875205
1719349940.2839274,0.30727213489186767
1719349940.3236845,0.38599605757590766
1719349940.3637486,0.3712976513386857
1719349940.4035976,0.3278559601068654
1719349940.4435036,0.29372254716247814
1719349940.4838028,0.2529766402499579
1719349940.523754,0.23972300030845123
1719349940.5639007,0.21950312171292052
1719349940.6030416,0.1897768695084452
1719349940.6432638,0.1418749381409069
1719349940.6836455,0.13833802257936292
1719349940.7239382,0.11796030392460877
1719349940.7636852,0.0881434403107782
1719349940.8037245,0.049016683778084325
1719349940.843269,0.025917416184532943
1719349940.8834443,0.01934716606122444
1719349940.9249296,0.009221074426096404
1719349940.9639735,-0.00867488491988136
1719349941.003729,-0.022532207576317687
1719349941.042975,-0.05432645188273305
1719349941.0833461,-0.07474619049758674
1719349941.1240177,-0.07989575778111796
1719349941.1635876,-0.08458588664155448
1719349941.203941,-0.05406783140184582
1719349941.243008,-0.05010755289675828
1719349941.2827947,-0.04774527500066303
1719349941.3248708,-0.05549016630657275
1719349941.363915,-0.052135715243257025
1719349941.4031272,-0.04631336663271485
1719349941.4427137,-0.04043182705784937
1719349941.483333,-0.04043182705784937
1719349941.5239723,-0.03575764764401218
1719349941.563618,-0.03156873012320541
1719349941.6040866,-0.032102204349676006
1719349941.643187,-0.032694074250979616
1719349941.683165,-0.03270175818764448
1719349941.7239046,-0.03739459834198333
1719349941.7632177,-0.04408544032718098
1719349941.803543,-0.04873823102473343
1719349941.8432524,-0.07574965706757669
1719349941.8840017,-0.07574965706757669
1719349941.9240785,-0.10238110546291487
1719349941.964146,-0.10712655638838234
1719349942.0058835,-0.10712655638838234
1719349942.0429015,-0.12454409154547338
1719349942.0817962,-0.11020175718347415
1719349942.1250565,-0.13313445143533406
1719349942.1646073,-0.14458344269042067
1719349942.2046566,-0.17026567725701242
1719349942.2434049,-0.19148905833198143
1719349942.2830913,-0.23231514223439076
1719349942.323042,-0.3043367978359434
1719349942.3635669,-0.38336378331734206
1719349942.4024694,-0.39853049982837985
1719349942.442796,-0.39853049982837985
1719349942.4817965,-0.36155741092184845
1719349942.5229547,-0.42370663439689543
1719349942.563443,-0.46464120399930475
1719349942.603215,-0.45810492396757574
1719349942.6427307,-0.48124277651463876
1719349942.6827965,-0.5178783405496964
1719349942.7217135,-0.557791571883286
1719349942.7599313,-0.5935897244823005
1719349942.7999637,-0.6149120659901735
1719349942.8399558,-0.6253855368693958
1719349942.8799405,-0.6264310801770989
1719349942.9201827,-0.6704604183603831
1719349942.9608057,-0.6944167620736176
1719349943.000026,-0.6927379008569803
1719349943.0399597,-0.7067199924813661
1719349943.0802402,-0.7187895830695665
1719349943.120163,-0.7546757986248875
1719349943.1599734,-0.7546757986248875
1719349943.200023,-0.7733867248617979
